{
 "wavelengths": [
  380,
  385,
  390,
  395,
  400,
  405,
  410,
  415,
  420,
  425,
  430,
  435,
  440,
  445,
  450,
  455,
  460,
  465,
  470,
  475,
  480,
  485,
  490,
  495,
  500,
  505,
  510,
  515,
  520,
  525,
  530,
  535,
  540,
  545,
  550,
  555,
  560,
  565,
  570,
  575,
  580,
  585,
  590,
  595,
  600,
  605,
  610,
  615,
  620,
  625,
  630,
  635,
  640,
  645,
  650,
  655,
  660,
  665,
  670,
  675,
  680,
  685,
  690,
  695,
  700,
  705,
  710,
  715,
  720,
  725,
  730
 ],
 "x": [
  0.000199,
  0.000635,
  0.001841,
  0.004842,
  0.011547,
  0.024974,
  0.048992,
  0.087165,
  0.140648,
  0.205822,
  0.273148,
  0.328703,
  0.358596,
  0.358492,
  0.343717,
  0.317193,
  0.281047,
  0.2381,
  0.191544,
  0.14465,
  0.100554,
  0.062112,
  0.031763,
  0.011402,
  0.002253,
  0.004335,
  0.016544,
  0.038564,
  0.070043,
  0.110616,
  0.159914,
  0.217535,
  0.282972,
  0.355509,
  0.43411,
  0.517327,
  0.603241,
  0.689454,
  0.77316,
  0.851268,
  0.920596,
  0.978092,
  1.021075,
  1.047459,
  1.055926,
  1.041222,
  1.000346,
  0.936388,
  0.854009,
  0.758875,
  0.657021,
  0.554231,
  0.455516,
  0.36477,
  0.284601,
  0.216349,
  0.160242,
  0.115638,
  0.081307,
  0.0557,
  0.037178,
  0.024178,
  0.01532,
  0.009458,
  0.005689,
  0.003334,
  0.001904,
  0.001059,
  0.000574,
  0.000303,
  0.000156
 ],
 "y": [
  0.000249,
  0.00038,
  0.000573,
  0.000856,
  0.001263,
  0.001843,
  0.00266,
  0.003795,
  0.005352,
  0.007464,
  0.010291,
  0.014028,
  0.018907,
  0.025195,
  0.033195,
  0.043244,
  0.055708,
  0.070987,
  0.089532,
  0.111909,
  0.138919,
  0.171799,
  0.212424,
  0.263344,
  0.327358,
  0.406398,
  0.499838,
  0.602932,
  0.706498,
  0.798692,
  0.86864,
  0.916754,
  0.953939,
  0.979878,
  0.994464,
  0.998039,
  0.991282,
  0.975095,
  0.950398,
  0.916086,
  0.872446,
  0.820868,
  0.762896,
  0.70018,
  0.634432,
  0.567363,
  0.500619,
  0.43571,
  0.373953,
  0.316419,
  0.263902,
  0.216913,
  0.17568,
  0.140187,
  0.110204,
  0.085341,
  0.065098,
  0.048912,
  0.036197,
  0.026383,
  0.01894,
  0.013392,
  0.009326,
  0.006396,
  0.00432,
  0.002874,
  0.001883,
  0.001215,
  0.000772,
  0.000483,
  0.000298
 ],
 "z": [
  0.006746,
  0.011935,
  0.020565,
  0.035076,
  0.060795,
  0.109573,
  0.204114,
  0.376686,
  0.6522,
  1.015247,
  1.386237,
  1.644401,
  1.734199,
  1.776416,
  1.781581,
  1.746987,
  1.671543,
  1.518934,
  1.295168,
  1.044914,
  0.810275,
  0.615761,
  0.466377,
  0.355056,
  0.271444,
  0.207056,
  0.156479,
  0.116568,
  0.085354,
  0.061351,
  0.043266,
  0.029931,
  0.020311,
  0.01352,
  0.008827,
  0.005653,
  0.003551,
  0.002188,
  0.001323,
  0.000784,
  0.000456,
  0.00026,
  0.000146,
  8e-05,
  4.3e-05,
  2.3e-05,
  1.2e-05,
  6e-06,
  3e-06,
  1e-06,
  1e-06,
  0.0,
  0.0,
  0.0,
  0.0,
  0.0,
  0.0,
  0.0,
  0.0,
  0.0,
  0.0,
  0.0,
  0.0,
  0.0,
  0.0,
  0.0,
  0.0,
  0.0,
  0.0,
  0.0,
  0.0
 ],
 "note": "CIE 1931 2-deg observer, analytic approximation (Wyman et al. 2013)"
}