{
 "wavelengths": [
  380,
  385,
  390,
  395,
  400,
  405,
  410,
  415,
  420,
  425,
  430,
  435,
  440,
  445,
  450,
  455,
  460,
  465,
  470,
  475,
  480,
  485,
  490,
  495,
  500,
  505,
  510,
  515,
  520,
  525,
  530,
  535,
  540,
  545,
  550,
  555,
  560,
  565,
  570,
  575,
  580,
  585,
  590,
  595,
  600,
  605,
  610,
  615,
  620,
  625,
  630,
  635,
  640,
  645,
  650,
  655,
  660,
  665,
  670,
  675,
  680,
  685,
  690,
  695,
  700,
  705,
  710,
  715,
  720,
  725,
  730
 ],
 "filters": {
  "Red 25": {
   "transmittance": [
    0.03,
    0.03,
    0.03,
    0.03,
    0.03,
    0.03,
    0.03,
    0.03,
    0.03,
    0.03,
    0.03,
    0.03,
    0.03,
    0.03,
    0.03,
    0.03,
    0.03,
    0.03,
    0.03001,
    0.03001,
    0.03002,
    0.03003,
    0.03005,
    0.03007,
    0.03011,
    0.03018,
    0.03028,
    0.03043,
    0.03068,
    0.03106,
    0.03167,
    0.03261,
    0.03409,
    0.0364,
    0.04,
    0.04558,
    0.0542,
    0.06739,
    0.08731,
    0.11677,
    0.15908,
    0.21734,
    0.29304,
    0.38432,
    0.485,
    0.58568,
    0.67696,
    0.75266,
    0.81092,
    0.85323,
    0.88269,
    0.90261,
    0.9158,
    0.92442,
    0.93,
    0.9336,
    0.93591,
    0.93739,
    0.93833,
    0.93894,
    0.93932,
    0.93957,
    0.93972,
    0.93982,
    0.93989,
    0.93993,
    0.93995,
    0.93997,
    0.93998,
    0.93999,
    0.93999
   ]
  },
  "Deep Red 29": {
   "transmittance": [
    0.03,
    0.03,
    0.03,
    0.03,
    0.03,
    0.03,
    0.03,
    0.03,
    0.03,
    0.03,
    0.03,
    0.03,
    0.03,
    0.03,
    0.03,
    0.03,
    0.03,
    0.03,
    0.03,
    0.03,
    0.03,
    0.03,
    0.03,
    0.03,
    0.03,
    0.03,
    0.03001,
    0.03001,
    0.03002,
    0.03003,
    0.03006,
    0.0301,
    0.03017,
    0.0303,
    0.03051,
    0.03089,
    0.03154,
    0.03267,
    0.03461,
    0.03796,
    0.04371,
    0.05351,
    0.06999,
    0.09714,
    0.1404,
    0.20572,
    0.29679,
    0.4106,
    0.53485,
    0.652,
    0.74816,
    0.81848,
    0.86569,
    0.89559,
    0.91384,
    0.92472,
    0.93112,
    0.93486,
    0.93703,
    0.93828,
    0.93901,
    0.93943,
    0.93967,
    0.93981,
    0.93989,
    0.93994,
    0.93996,
    0.93998,
    0.93999,
    0.93999,
    0.94
   ]
  },
  "Orange 21": {
   "transmittance": [
    0.03,
    0.03,
    0.03,
    0.03,
    0.03,
    0.03,
    0.03001,
    0.03001,
    0.03001,
    0.03002,
    0.03003,
    0.03004,
    0.03006,
    0.03009,
    0.03014,
    0.0302,
    0.03031,
    0.03046,
    0.03068,
    0.03101,
    0.03151,
    0.03225,
    0.03335,
    0.03499,
    0.03743,
    0.04104,
    0.04637,
    0.0542,
    0.06564,
    0.08217,
    0.10569,
    0.13847,
    0.18286,
    0.24064,
    0.31212,
    0.39519,
    0.485,
    0.57481,
    0.65788,
    0.72936,
    0.78714,
    0.83153,
    0.86431,
    0.88783,
    0.90436,
    0.9158,
    0.92363,
    0.92896,
    0.93257,
    0.93501,
    0.93665,
    0.93775,
    0.93849,
    0.93899,
    0.93932,
    0.93954,
    0.93969,
    0.9398,
    0.93986,
    0.93991,
    0.93994,
    0.93996,
    0.93997,
    0.93998,
    0.93999,
    0.93999,
    0.93999,
    0.94,
    0.94,
    0.94,
    0.94
   ]
  },
  "Amber 15": {
   "transmittance": [
    0.04005,
    0.04007,
    0.0401,
    0.04014,
    0.0402,
    0.04029,
    0.04041,
    0.04058,
    0.04082,
    0.04116,
    0.04165,
    0.04234,
    0.04332,
    0.0447,
    0.04665,
    0.04941,
    0.0533,
    0.05875,
    0.06638,
    0.07698,
    0.09159,
    0.11149,
    0.13819,
    0.17324,
    0.21803,
    0.2733,
    0.33863,
    0.41204,
    0.49,
    0.56796,
    0.64137,
    0.7067,
    0.76197,
    0.80676,
    0.84181,
    0.86851,
    0.88841,
    0.90302,
    0.91362,
    0.92125,
    0.9267,
    0.93059,
    0.93335,
    0.9353,
    0.93668,
    0.93766,
    0.93835,
    0.93884,
    0.93918,
    0.93942,
    0.93959,
    0.93971,
    0.9398,
    0.93986,
    0.9399,
    0.93993,
    0.93995,
    0.93996,
    0.93998,
    0.93998,
    0.93999,
    0.93999,
    0.93999,
    0.94,
    0.94,
    0.94,
    0.94,
    0.94,
    0.94,
    0.94,
    0.94
   ]
  },
  "Yellow 12": {
   "transmittance": [
    0.04002,
    0.04004,
    0.04006,
    0.0401,
    0.04017,
    0.04027,
    0.04045,
    0.04074,
    0.04122,
    0.04201,
    0.04332,
    0.04545,
    0.04896,
    0.05467,
    0.06394,
    0.0788,
    0.10222,
    0.13819,
    0.19118,
    0.26477,
    0.35891,
    0.46752,
    0.57882,
    0.67985,
    0.76197,
    0.8229,
    0.86514,
    0.89306,
    0.91093,
    0.92214,
    0.92908,
    0.93335,
    0.93595,
    0.93754,
    0.93851,
    0.93909,
    0.93945,
    0.93967,
    0.9398,
    0.93988,
    0.93993,
    0.93995,
    0.93997,
    0.93998,
    0.93999,
    0.93999,
    0.94,
    0.94,
    0.94,
    0.94,
    0.94,
    0.94,
    0.94,
    0.94,
    0.94,
    0.94,
    0.94,
    0.94,
    0.94,
    0.94,
    0.94,
    0.94,
    0.94,
    0.94,
    0.94,
    0.94,
    0.94,
    0.94,
    0.94,
    0.94,
    0.94
   ]
  },
  "Green 58": {
   "transmittance": [
    0.03001,
    0.03003,
    0.03006,
    0.03011,
    0.0302,
    0.03037,
    0.03067,
    0.03117,
    0.03201,
    0.03336,
    0.03551,
    0.03882,
    0.0438,
    0.0511,
    0.06154,
    0.07606,
    0.09575,
    0.12172,
    0.15504,
    0.1966,
    0.24694,
    0.30607,
    0.37335,
    0.44733,
    0.52574,
    0.60552,
    0.68297,
    0.75403,
    0.81461,
    0.86096,
    0.89007,
    0.9,
    0.89007,
    0.86096,
    0.81461,
    0.75403,
    0.68297,
    0.60552,
    0.52574,
    0.44733,
    0.37335,
    0.30607,
    0.24694,
    0.1966,
    0.15504,
    0.12172,
    0.09575,
    0.07606,
    0.06154,
    0.0511,
    0.0438,
    0.03882,
    0.03551,
    0.03336,
    0.03201,
    0.03117,
    0.03067,
    0.03037,
    0.0302,
    0.03011,
    0.03006,
    0.03003,
    0.03001,
    0.03001,
    0.03,
    0.03,
    0.03,
    0.03,
    0.03,
    0.03,
    0.03
   ]
  },
  "Deep Green 61": {
   "transmittance": [
    0.03,
    0.03,
    0.03,
    0.03,
    0.03,
    0.03001,
    0.03002,
    0.03006,
    0.03013,
    0.03031,
    0.0307,
    0.03149,
    0.03305,
    0.03598,
    0.04123,
    0.05018,
    0.06471,
    0.08718,
    0.12019,
    0.16621,
    0.22699,
    0.30278,
    0.39169,
    0.48921,
    0.58825,
    0.67984,
    0.75432,
    0.80304,
    0.82,
    0.80304,
    0.75432,
    0.67984,
    0.58825,
    0.48921,
    0.39169,
    0.30278,
    0.22699,
    0.16621,
    0.12019,
    0.08718,
    0.06471,
    0.05018,
    0.04123,
    0.03598,
    0.03305,
    0.03149,
    0.0307,
    0.03031,
    0.03013,
    0.03006,
    0.03002,
    0.03001,
    0.03,
    0.03,
    0.03,
    0.03,
    0.03,
    0.03,
    0.03,
    0.03,
    0.03,
    0.03,
    0.03,
    0.03,
    0.03,
    0.03,
    0.03,
    0.03,
    0.03,
    0.03,
    0.03
   ]
  },
  "Blue 47": {
   "transmittance": [
    0.05257,
    0.06635,
    0.08657,
    0.11508,
    0.15365,
    0.20363,
    0.2656,
    0.33892,
    0.42139,
    0.50916,
    0.59684,
    0.67795,
    0.7457,
    0.79389,
    0.81784,
    0.81514,
    0.78607,
    0.73354,
    0.66258,
    0.57961,
    0.49142,
    0.40432,
    0.32343,
    0.25226,
    0.19268,
    0.14506,
    0.10863,
    0.08193,
    0.06313,
    0.05043,
    0.04217,
    0.03701,
    0.0339,
    0.0321,
    0.03109,
    0.03055,
    0.03027,
    0.03012,
    0.03006,
    0.03002,
    0.03001,
    0.03,
    0.03,
    0.03,
    0.03,
    0.03,
    0.03,
    0.03,
    0.03,
    0.03,
    0.03,
    0.03,
    0.03,
    0.03,
    0.03,
    0.03,
    0.03,
    0.03,
    0.03,
    0.03,
    0.03,
    0.03,
    0.03,
    0.03,
    0.03,
    0.03,
    0.03,
    0.03,
    0.03,
    0.03,
    0.03
   ]
  },